{"cameraMode":{"drawMode":0,"name":"Shaded","section":"Shading Mode"},"sceneLighting":true,"audioPlay":false,"sceneViewState":{"m_AlwaysRefresh":false,"showFog":true,"showSkybox":true,"showFlares":true,"showImageEffects":true,"showParticleSystems":true,"showVisualEffectGraphs":true,"m_FxEnabled":true},"in2DMode":false,"pivot":{"x":586.2838134765625,"y":282.2209777832031,"z":0.040313720703125},"rotation":{"x":-0.005690540187060833,"y":0.0014954573707655073,"z":0.0000081908110587392,"w":0.9999792575836182},"size":254.91802978515626,"orthographic":false}